ido_word,esperanto_word,in_current_dict
"""Ting""",Ting,False
1000 milii,Mil Mejloŝtonoj,False
10ma yarcento,10-a jarcento,False
11ma yarcento,11-a jarcento,False
12ma yarcento,12-a jarcento,False
13ma yarcento,13-a jarcento,False
14ma yarcento,14-a jarcento,False
15ma yarcento,15-a jarcento,False
16ma yarcento,16-a jarcento,False
17ma yarcento,17-a jarcento,False
18ma yarcento,18-a jarcento,False
19ma yarcento,19-a jarcento,False
1ma yarcento,1-a jarcento,False
1ma yarmilo,1-a jarmilo,False
20ma yarcento,20-a jarcento,False
21ma yarcento,21-a jarcento,False
22ma yarcento,22-a jarcento,False
2ma yarcento,2-a jarcento,False
3ma yarcento,3-a jarcento,False
4090 Říšehvězd,4090 Říšehvězd,False
4ma krucomilito,Kvara krucmilito,False
4ma yarcento,4-a jarcento,False
5ma yarcento,5-a jarcento,False
6ma yarcento,6-a jarcento,False
7ma yarcento,7-a jarcento,False
8ma yarcento,8-a jarcento,False
9ma yarcento,9-a jarcento,False
Aachen,Akeno,False
Aalborg,Aalborg,False
Abakan,Abakan,False
ABC,ABC,False
Abidjan,Abiĝano,False
Abinsk,Abinsk,False
Abomey,Abomejo,False
Abraham,Abraham,False
Abstrakt algebro,Abstrakta algebro,False
Abstrakt expresionismo,Abstrakta ekspresionismo,False
Abwehr,Abwehr,False
Acaraú,Acaraú,False
Aceh,Aĉeo,False
Aceuchal,Aceuchal,False
Achinsk,Aĉinsk,False
Acida kremo,Acidkremo,False
Acida pluvo,Acida pluvo,False
Acidento trafikala,Trafikakcidento,False
Adamstown,Adamstaŭno,False
Aden,Adeno,False
Adigeisk,Adigejsk,False
Aerobikala gimnastiko,Aerobiko,False
Afganistan,Afganio,False
Afrikansa linguo,Afrikanso,False
Afrobeat,Afrobito,False
Afsluitdijk,Fermdigo,False
Agadir,Agadir,False
Agamemnon,Agamemno,False
Agidel,Agidel,False
Agriz,Agriz,False
Agrokultivala revoluciono,Neolitika revolucio,False
Aguascalientes,Aguascalientes,False
Ahenaton,Aĥnaton,False
Ahillones,Ahillones,False
Ahmedabad,Ahmadabado,False
Ain,Ain,False
Aison,Esono,False
Aiter,Etero (mitologio),False
Akademiala termino,Semestro,False
Akranes,Akranes,False
Aktayon,Akteono,False
Aladağ,Aladağ,False
Alagir,Alagir,False
Alapayevsk,Alapajevsk,False
Albaniana linguo,Albana lingvo,False
Albany,Albany,False
Alconchel,Alconchel,False
Aldealices,Aldealices,False
Aldealseñor,Aldealseñor,False
Aldebaran,Aldebarano,False
Aleisk,Alejsk,False
Alexandrov,Aleksandrov,False
Alexandrovsk,Aleksandrovsk,False
Alexin,Aleksin,False
Alfabetal ordineso,Alfabeta ordo,False
Alfons,Alfons,False
Algebral elemento,Algebra elemento,False
Algebral equaciono,Algebra ekvacio,False
Algebrala nombro,Algebra nombro,False
Algebrala strukturo,Algebra strukturo,False
Algebrala topologio,Algebra topologio,False
ALGOL,Algolo (programlingvo),False
ALGOL 60,Algolo-60,False
Aliud,Aliud,False
Aljer,Alĝero,False
Aljucén,Aljucén,False
Alkaliatra metalo,Alkala metalo,False
Alkibiades,Alkibiado,False
Alkoholoza drinkaji,Alkoholaĵo,False
Allier,Allier,False
Almaluez,Almaluez,False
Almazul,Almazul,False
Almazán,Almazán,False
Almendral,Almendral,False
Alsou,Alsou Abramova,False
Alta teknologio,Alta teknologio,False
Altaika linguaro,Altaja lingvaro,False
Alter,Altairo,False
Altes,Alteso,False
Alzaciana linguo,Alzaca lingvo,False
Amapá,Amapao,False
Amas extingo,Amasa formorto,False
Amatora radio,Amatora radio,False
Amatoral astronomio,Amatora astronomio,False
Amazon,Amazono (rivero),False
Ambientala cienco,Mediscienco,False
Amersfoort,Amersfoort,False
Amfiktion,Amfiktiono,False
Amfitrion,Amfitriono,False
Amiens,Amiens,False
Amikumu,Amikumu (aplikaĵo),False
Amman,Amano,False
Amniotala ovo,Ovo,False
Amol,Amol,False
AMORC,"Rozkruca Ordeno, AMORC",False
Amsterdam,Amsterdamo,False
Amursk,Amursko,False
Anadir,Anadir,False
Anaheim,Anaheim,False
Anakreon,Anakreonto,False
Analitikala geometrio,Analitika geometrio,False
Analizala filozofio,Analiza filozofio,False
Anciena rejimo,Malnova Reĝimo (Francio),False
Andreapol,Andreapolo,False
Angarsk,Angarsko,False
Angers,Angers,False
Anggun,Anggun,False
Angla linguo,Angla lingvo,False
Anglosaxona linguo,Anglosaksa lingvo,False
Anhises,Anĥizo,False
Animo komputerala,Komputilanimacio,False
Anjou,Anĵuo,False
Annopol,Annopol,False
Ansan,Ansan,False
Anthropic,Anthropic,False
Antwerpen,Antverpeno,False
Anyang,Anjang,False
Apartheid,Apartismo,False
Apeldoorn,Apeldoorn,False
Apertita fonto,Malferma kodo,False
Apertita kontenajo,Malfermita enhavo,False
Aplikata cienci,Aplikataj sciencoj,False
Aplikata matematiko,Aplika matematiko,False
Apollo 10,Apollo 10,False
Apollo 11,Apollo 11,False
Apollo 12,Apollo 12,False
Apollo 13,Apollo 13,False
Apollo 15,Apollo 15,False
Apollo 17,Apollo 17,False
Apollo 8,Apollo 8,False
Apollo 9,Apollo 9,False
Apollon,Apolono,False
Apparatchik,Aparatulo,False
Apsheronsk,Apŝeronsko,False
Aquo subterala,Grundakvo,False
Araba alfabeto,Araba alfabeto,False
Araba maro,Araba Maro,False
Araba mondo,Araba mondo,False
Arabiana linguo,Araba lingvo,False
Arab–Israelana konflikto,Araba-israela konflikto,False
Aracaju,Aracaju,False
Arad,Arad (apartigilo),False
Aragon,Aragono,False
Aragonana linguo,Aragona lingvo,False
Aramil,Aramil,False
Arancón,Arancón,False
Arawak,Aravakoj,False
Araxá,Araxá,False
Arboral animalo,Surarba moviĝemo,False
Ardon,Ardon (Nord-Osetio),False
Ardón,Ardón (Leono),False
Ares,Areso,False
Argolika gulfo,Argolanda Golfo,False
Argun,Arguno,False
Arhangelsk,Arĥangelsko,False
Arida klimato,Arida klimato,False
Arieto hidraulikala,Premfrapo,False
Aristophanes,Aristofano,False
Aritmetikala progresiono,Aritmetika vico,False
Arkadak,Arkadak,False
Arkimedes,Arkimedo,False
Arles,Arles,False
Armeniana gentocido,Armena genocido,False
Armeniana linguo,Armena lingvo,False
Armizita rebelo,Vakera filmo,False
Arnhem,Arnhem,False
ARPANET,ARPANET,False
Arpitana linguo,Arpitana lingvo,False
Arsenyev,Arsenjev,False
Artala lingui,Arta lingvo,False
Artala movado,Arta movado,False
Artala sketado,Arta sketado,False
Artifical inteligenteso,Artefarita intelekto,False
Artificala satelito,Artefarita satelito,False
Arturala legendi,Artura legendo,False
Artyomovsk,Artjomovsk,False
Arumaniana linguo,Arumana lingvo,False
Asbest,Asbest,False
Ashgabat,Aŝĥabado,False
Askorbata acido,Askorbata acido,False
Assam,Asamio,False
Assen,Assen,False
Astianax,Astianakso,False
Astrahan,Astraĥano,False
Astronomiala unajo,Astronomia unuo,False
Asturiana linguo,Astura lingvo,False
Astérix,Asteriks,False
Asuncion,Asunciono,False
Atkarsk,Atkarsk,False
Atmosferala polutajo,Aera poluado,False
Atomala nombro,Atomnumero,False
Atomium,Atomium,False
Atıraw,Atirau,False
Auckland,Auckland,False
Augmentita realeso,Pliigita realo,False
Augsburg,Augsburg,False
Augustów,Augustów,False
Aurillac,Aurillac,False
Australiana dolaro,Aŭstralia dolaro,False
Austroneziana linguaro,Aŭstronezia lingvaro,False
Avestana linguo,Avesta lingvo,False
Avignon,Avignon,False
Avionala transportonavo,Aviadila ŝipo,False
Azerbaijan,Azerbajĝano,False
Azerbaijanana linguo,Azerbajĝana lingvo,False
Azov,Azov,False
Badajoz,Badaĥozo,False
Bafoussam,Bafoussam,False
Bagdad,Bagdado,False
Bagrationovsk,Bagrationovsk,False
Bahrain,Barejno,False
Baikal,Bajkalo,False
Baikalsk,Bajkalsk,False
Baisers volés,Baisers volés,False
Bakal,Bakal,False
Bakı,Bakuo,False
Balashov,Balaŝov,False
Balaton,Balatono,False
Baleno blua,Blua baleno,False
Baltika lingui,Balta lingvaro,False
Baltiysk,Baltijsk,False
Bananal,Bananal,False
Bandung,Bandungo,False
Bangkok,Bankoko,False
Bangladesh,Bangladeŝo,False
Banjul,Banĝulo,False
Banksy,Banksy,False
Barabinsk,Barabinsk,False
Barcones,Barcones,False
Barnaul,Barnaul,False
Basel,Bazelo,False
BASIC,BASIC (programlingvo),False
Basketbalo 3x3,Triopa korbopilko,False
Baskiana linguo,Eŭska lingvo,False
Baskiana nacionalismo,Eŭska naciismo,False
Basshunter,Basshunter,False
Bataisk,Batajsk,False
Bath,Bath,False
Batman,Batman,False
Bauru,Bauru,False
Bautzen,Bautzen,False
BBC,BBC,False
Beijing,Pekino,False
Beirut,Bejruto,False
Bejeck,Beĵeck,False
Belfast,Belfasto,False
Bellerofon,Belerofono,False
Bellingcat,Bellingcat,False
Belmopan,Belmopano,False
Belyov,Belov,False
Belém,Belém,False
Benelux,Benelukso,False
Benin,Benino,False
Beograd,Beogrado,False
Beowulf,Beowulf,False
Berat,Berat,False
Beratón,Beratón,False
Berberiana lingui,Berbera lingvaro,False
Bergen,Bergen (Norvegio),False
Bes,Beso,False
Besançon,Besançon,False
Beslan,Beslano,False
Betim,Betim,False
Bełchatów,Bełchatów,False
Bhopal,Bopalo,False
Bhutan,Butano,False
Biarritz,Biarritz,False
Białystok,Bjalistoko,False
Bibliotheca historica,Historia biblioteko,False
Bica signato,Cifereca subskribo,False
Bielorusa linguo,Belorusa lingvo,False
Binara nombrosistemo,Duuma nombrosistemo,False
Binomiala koeficiento,Binoma koeficiento,False
Biologiala interakto,Biologia interagado,False
Biomedicinal injeniorarto,Biomedicina inĝenierio,False
Biosfero 2,Biosfero 2,False
Birmingham,Birmingham,False
Bisextila yaro,Superjaro,False
Bishkek,Biŝkeko,False
Bismarck,Bismarck,False
Bissau,Bisaŭo,False
Bitcoin,Bitmono,False
Biysk,Bijsk,False
Biłgoraj,Biłgoraj,False
Black metal,Nigra metalroko,False
Blackpink,Blackpink,False
Blanka hoko,White Fang (libro),False
Blanka magio,Blanka magio,False
Blanka maro,Blanka maro,False
Blanka movado,Blanka movado,False
Blanka populo,Blankulo,False
Bliss,Blisa skribo,False
Bloomfield,Bloomfield (apartigilo),False
Blua jeo,Blua garolo,False
Blues,Bluso,False
Bluesky,Bluesky,False
Blumenau,Blumenau,False
Bochum,Bochum,False
Boeing 707,Boeing 707,False
Boeing 727,Boeing 727,False
Boeing 737,Boeing 737,False
Boeing 747,Boeing 747,False
Boeing 757,Boeing 757,False
Boeing 787,Boeing 787 Dreamliner,False
Bogor,Bogor,False
Bolak,Bolak,False
Bonn,Bonn,False
Bonsay,Bonsajo,False
Booleana algebro,Bulea algebro,False
Bordeaux,Bordeaux,False
Boreala foresto,Tajgo,False
Borjabad,Borjabad,False
Bornholm,Bornholm,False
Borrenes,Borrenes,False
Bosniana linguo,Bosna lingvo,False
Boston,Bostono,False
Bourges,Bourges,False
Bourvil,Bourvil,False
Boyacá,Departemento Bojakao,False
Brandenburg,Brandenburgio,False
Braunschweig,Braunschweig,False
Brańsk,Brańsk,False
Braşov,Brașov,False
Breinigerberg,Breinigerberg,False
Bremerhaven,Bremerhaven,False
Bretoniana linguo,Bretona lingvo,False
Brfxxccxxmnpcccclllmmnprxvclmnckssqlbb11116,Brfxxccxxmnpcccclllmmnprxvclmnckssqlbb11116,False
BRICS,BRICS,False
Bristol,Bristolo,False
Britaniana pundo,Brita pundo,False
Bronx,Bronkso,False
Brooklyn,Broklino,False
Browniana movemento,Brown-a movado,False
Bruna linco,Rufa linko,False
Bruxel,Bruselo,False
Brzeziny,Brzeziny,False
Budapest,Budapeŝto,False
Budjak,Buĝak,False
Buinaxk,Bujnaksko,False
Bulgara linguo,Bulgara lingvo,False
Bundeswehr,Bundeswehr,False
Burgundiana linguo,Burgunda lingvo,False
Burón,Burón,False
Busan,Pusano,False
Butrint,Butrint,False
Byron,Byron,False
Bytom,Bytom,False
Børsen,Børsen,False
Cabrillanes,Cabrillanes,False
Caen,Caen,False
Caeté,Caeté,False
Calatañazor,Calatañazor,False
Calgary,Kalgario,False
Camagüey,Camagüey,False
Cametá,Cametá,False
Cancún,Cancún,False
Candín,Candín,False
Cannes,Cannes,False
Canterbury,Canterbury,False
Carabantes,Carabantes,False
Carcharodon carcharias,Blanka ŝarko,False
Cardiff,Kardifo,False
Caruaru,Caruaru,False
Carvin,Carvin,False
Cascavel,Cascavel,False
Castilfalé,Castilfalé,False
Castilruiz,Castilruiz,False
Castricum,Castricum,False
Castries,Kastrizo,False
Castrocalbón,Castrocalbón,False
Caxambu,Caxambu,False
CBS,Columbia Broadcasting System,False
CD,Kompakta disko,False
Ceará,Cearao,False
Celulala biologio,Ĉelbiologio,False
Celulala teorio,Ĉelteorio,False
Central angulo,Centra angulo,False
Centrala banko,Centra banko,False
Centrala nervaro,Centra nerva sistemo,False
Centrala potenti,Centraj Potencoj,False
Centyara milito,Centjara milito,False
Cerbón,Cerbón,False
Ceres,Cereso,False
Cetonio orea,Ora cetonio,False
Ceyhan,Ceyhan,False
Chad,Ĉado,False
Chadana lingui,Ĉada Grupo,False
Chador,Ĉadoro,False
Chandigarh,Ĉandigaro,False
Changwon,Ĉangvon,False
Chapecó,Ŝapekoo,False
Characteristica universalis,Universala lingvo (Leibniz),False
Charlottetown,Ĉarlotaŭno,False
Chartres,Chartres,False
ChatGPT,ChatGPT,False
Chebarkul,Ĉebarkul,False
Chefa plumo,Ĉefplumo,False
Cheka linguo,Ĉeĥa lingvo,False
Cheles,Cheles,False
Chelyabinsk,Ĉeljabinsk,False
Chemnitz,Chemnitz,False
Cher,Cher (kantistino),False
Chełm,Chełm,False
Chhattisgarh,Ĉatisgaro,False
Chiliana peso,Ĉilia peso,False
Chillán,Chillán,False
Chiniala kalendario,Ĉina kalendaro,False
Chiniana linguo,Ĉina lingvaro,False
Chinon,Chinon,False
Chittagong,Ĉitagongo,False
Chișinău,Kiŝinevo,False
Chongching,Ĉongĉingo,False
Chonju,Ĉonĝuo,False
Chornobil,Ĉernobilo,False
Choroszcz,Choroszcz,False
Chorzów,Chorzów,False
Christchurch,Kristkirko,False
Châtelet,Châtelet,False
Cidones,Cidones,False
Ciechanowiec,Ciechanowiec,False
Cielala mekaniko,Ĉiela mekaniko,False
Cielala sfero,Ĉielosfero,False
Ciencal explorado,Scienca esplorado,False
Ciencal fiktiveso,Sciencfikcio,False
Ciencala komunitato,Scienca komunumo,False
Ciencala metodo,Scienca metodo,False
Ciencala revuo,Scienca gazeto,False
Cinetik energio,Kineta energio,False
Citroën 2CV,Citroën 2CV,False
Civila yurocienco,Civila juro,False
Civitano cienco,Civitana scienco,False
Clannad,Clannad,False
Cleveland,Klevlando,False
COBOL,Kobolo,False
Conakry,Konakrio,False
CONCACAF,CONCACAF,False
CONMEBOL,CONMEBOL,False
Connecticut,Konektikuto,False
Conquistador,Konkistadoro,False
Contagem,Contagem,False
Conuropsis carolinensis,Karolina konuro,False
Corullón,Corullón,False
Coswig,Coswig (Saksio),False
Cotonou,Kotonuo,False
Country,Kontreo,False
Coventry,Coventry,False
Crateús,Crateús,False
Cromwell,Cromwell,False
Crottendorf,Crottendorf,False
Crémenes,Crémenes,False
Cuiabá,Cuiabá,False
Curiosity,Curiosity,False
Currywurst,Karekolbaso,False
CVS,CVS,False
Cáceres,Cáceres,False
Cádiz,Kadizo,False
Cármenes,Cármenes,False
Daegu,Teguo,False
Daejon,Deĝon,False
Daniana linguo,Dana lingvo,False
Darmstadt,Darmstadt,False
Daugavpils,Daugavpils,False
Daum,Daum,False
Dayton,Dayton,False
DDT,DDT,False
De aardappeleters,La terpommanĝantoj,False
De nens,De nens,False
Deala probego,Dia juĝo,False
Death metal,Mortmetalo,False
Debrecen,Debrecen,False
Decimala nombrosistemo,Dekuma nombrosistemo,False
DeepSeek,DeepSeek,False
Defenso personala,Persona defendo,False
Delft,Delft,False
Delfzijl,Delfzijl,False
Demeter,Demetra,False
Demografiala kontado,Popolnombrado,False
Demostenes,Demosteno,False
Denver,Denvero (Koloradio),False
Depok,Depok,False
Derbent,Derbent,False
Derivata serio,Kromverko,False
Desegnita rakonto,Bildliteraturo,False
Deslibera programaro,Mallibera programaro,False
Desnogorsk,Desnogorsk,False
Dessau,Dessau,False
Detroit,Detrojto,False
Devanagari alfabeto,Nagario,False
Devon,Devono,False
Diferencial equaciono,Diferenciala ekvacio,False
Diferenciala geometrio,Diferenciala geometrio,False
Digestiva sistemo,Digesta sistemo,False
Dijitala elektroniko,Cifereca elektroniko,False
Dijon,Dijon,False
Diofantan equaciono,Diofanta ekvacio,False
Discord,Discord,False
Distinta spaco,Diskreta spaco,False
Distributita komputado,Disa komputado,False
Divnogorsk,Divnogorsk,False
Dmitriyev,Dmitrijev-Lgovskij,False
Dobitschen,Dobitschen,False
Dodekanes,Dodekanesoj,False
Dogmo 95,Dogmo 95,False
Dojd,Doĵd,False
Dojlidy,Dojlidy,False
Dokumentala filmo,Dokumenta filmo,False
Domicile conjugal,Domicile conjugal,False
Doneck,Donecko,False
Doom metal,Damna metalroko,False
Dopado biokemiala,Dopado,False
Dorestad,Dorestad,False
Dorset,Dorset,False
Dortmund,Dortmund,False
Dover,Dovro (Anglio),False
Drammen,Drammen,False
Dravidana linguaro,Dravida lingvaro,False
Dresden,Dresdeno,False
Dublin,Dublino,False
Dubrovnik,Dubrovnik,False
Duesma mondomilito,Dua Mondmilito,False
Duesma yarmilo,2-a jarmilo,False
Duisburg,Duisburg,False
Dunedin,Dunedin,False
Duopla stelo,Duopa stelo,False
Durban,Durbano,False
Durrës,Duraso,False
DVD,DVD,False
Działoszyn,Działoszyn,False
Döbeln,Döbeln,False
Düsseldorf,Duseldorfo,False
Dęblin,Dęblin,False
Ebecu,Ebecu,False
Echternach,Echternach,False
Eder,Eder,False
Edinburgh,Edinburgo,False
Egea maro,Egea maro,False
Egipta mitologio,Egipta Mitologio,False
Egiptiana hieroglifi,Egiptaj hieroglifoj,False
Egiptiana kalendario,Egipta kalendaro,False
Egir,Ægir,False
Ehrenfriedersdorf,Ehrenfriedersdorf,False
Eilenburg,Eilenburg,False
Eindhoven,Eindhoven,False
Eiterfeld,Eiterfeld,False
Ekleziala muziko,Eklezia muziko,False
Elat,Ejlato,False
Elbasan,Elbasan,False
Elektra charjo,Elektra ŝargo,False
Elektra feldo,Elektra kampo,False
Elektra konduktanco,Konduktado (elektro),False
Elektra konduktivo,Elektra konduktivo,False
Elektra korento,Elektra kurento,False
Elektral energio,Elektra energio,False
Elektrala mashino,Elektromotoro,False
Elektrala rezistiveso,Elektra rezistanco,False
Elektrala telegrafilo,Elektra telegrafo,False
Elektrogorsk,Elektrogorsk,False
Elektromagnetala feldo,Elektromagneta kampo,False
Elektromagnetik interago,Elektromagneta forto,False
Elektronala lektilo,Elektronika librolegilo,False
Elektronala libro,Bitlibro,False
Elektronala sigareto,Elektronika cigaredo,False
Elektronikala cirkuito,Elektronika cirkvito,False
Elektronikala komerco,Retkomerco,False
Eminem,Eminem,False
EMS,EMS,False
Enec linguo,Eneca lingvo,False
Ensembli desjuntanta,Disaj aroj,False
Ensemblo vakua,Malplena aro,False
Epifron,Epifrono,False
Equador,Ekvadoro,False
Equatorala klimato,Ekvatora klimato,False
Equitatoza komerco,Justa komerco,False
Eratostenana sivo,Kribrilo de Eratosteno,False
Erfurt,Erfurto,False
Esbjerg,Esbjerg,False
Escherichia coli,Kojlobacilo,False
Eschweiler,Eschweiler,False
Esencatra oleo,Vegetaĵa esenco,False
Espejón,Espejón,False
Essen,Essen,False
Essex,Essex,False
Estoniana linguo,Estona lingvo,False
Eteokles,Eteoklo,False
Etnala konflikto,Etna konflikto,False
Euklid,Eŭklido,False
Euklidana disto,Eŭklida distanco,False
Euklidana geometrio,Eŭklida geometrio,False
Euklidana spaco,Eŭklida spaco,False
Euratom,Eŭropa Komunumo pri Atomenergio,False
Euraziana stepo,Eŭrazia Stepo,False
Euripides,Eŭripido,False
Eurodicautom,Eurodicautom,False
Eurolang,Eŭrolango,False
Euromaidan,Eŭromajdano,False
Europana nacionalismo,Eŭropa naciismo,False
Eurythmics,Eurythmics,False
Euskara batua,Euskara batua,False
Everest,Ĉomolungmo,False
Everglades,Evergladoj,False
Evolucionala psikologio,Evolua psikologio,False
Exakta cienci,Ekzaktaj sciencoj,False
Exeter,Exeter,False
Exkalibur,Ekskaliburo,False
Exokalorala reakto,Ekzoterma reakcio,False
Extraktiva metalurgio,Elprena metalurgio,False
Extrema dextro,Dekstra ekstremismo,False
Extremadurana linguo,Ekstremadura lingvovario,False
Facebook,Facebook,False
Faerana linguo,Feroa lingvo,False
Faeton,Faetono,False
Faisalabad,Fajsalabado,False
Falsa amiko,Falsaj amikoj,False
Falva strigo,Arbarstrigo,False
Familiara dicajo,Konversacia lingvo,False
Fatah,Fatah,False
Fatej,Fateĵ,False
Feala rakonto,Fabelo,False
Femme fatale,Fatala virino,False
Feng shvey,Fengŝuo,False
Fera kurteno,Fera Kurteno,False
Fernandel,Fernandel,False
Fervoyala transportado,Rela transporto,False
Fez,Feso,False
Fiat,Fiat,False
Fiat 500,Fiat 500,False
Fidjiana linguo,Fiĝia lingvo,False
Figeac,Figeac,False
Filmo nigra,Nigra filmo,False
Filoktetes,Filokteto,False
Financala merkato,Financa merkato,False
Financala yaro,Financa jaro,False
Finlandana linguo,Finna lingvo,False
Fiskal austereso,Severŝparado,False
Fizikala lego,Fizika leĝo,False
Fizikala quanteso,Fizika grando,False
Flava febro,Flava febro,False
Flevoland,Flevolando,False
Foie gras,Grashepataĵo,False
Fokker 100,Fokker 100,False
Folksprok,Folksproko,False
Forcalquier,Forcalquier,False
Ford,Ford,False
Forestala explotado,Arbarekspluatado,False
Formala cienci,Formalaj sciencoj,False
Formala gramatiko,Formala gramatiko,False
Formala linguo,Formala lingvo,False
Formulo 1,Formulo 1,False
Fortran,Fortrano,False
Fortunoza nombro,Feliĉa nombro,False
Fosila fuelo,Fosilia brulaĵo,False
Fotografala filmo,Filmo (fotografio),False
Fraciono unitara,Ono,False
Frampol,Frampol,False
Franca linguo,Franca lingvo,False
Franca revoluciono,Franca revolucio de 1789,False
Francistown,Francistown,False
Frankfort,Frankfort (apartigilo),False
Fredrikstad,Fredrikstad,False
Freetown,Fritaŭno,False
Frenezioza komedio,Frenezkomedio,False
Friulana linguo,Friula lingvo,False
Friziana linguo,Frisa lingvaro,False
Fronto populala,Popola Fronto,False
Fuentearmegil,Fuentearmegil,False
Fuentecambrón,Fuentecambrón,False
Fuentestrún,Fuentestrún,False
Funchal,Funchal,False
Funcionanta sistemo,Operaciumo,False
Funciono injektiva,Disĵeto,False
Fundamental interago,Fundamenta forto,False
Funen,Fyn,False
Funk,Funko,False
G8,G8,False
Gabon,Gabono,False
Galaxiala grupo,Galaksiamaso,False
Galiana linguo,Gaŭla lingvo,False
Galisiana linguo,Galega lingvo,False
Gallagher,Gallagher,False
Galway,Galivo,False
Gandalf,Gandalf,False
Gangtok,Gangtoko,False
Garray,Garray,False
Garðabær,Garðabær,False
Gaskoniana linguo,Gaskona lingvo,False
Gaziantep,Gaziantep,False
Gazprom,Gazpromo,False
Gdańsk,Gdansko,False
Geising,Geising,False
Gelsenkirchen,Gelsenkirchen,False
Generala kirurgio,Ĝenerala kirurgio,False
Generala relativeso,Ĝenerala teorio de relativeco,False
Genral identeso,Genra identeco,False
Geologiala ciklo,Cirkulado de la rokaĵoj,False
Geometriala figuro,Geometria figuro,False
Geometriala progresiono,Geometria vico,False
Georgetown,Ĝorĝtaŭno,False
Geriones,Geriono,False
Germana kavalieri,Ordeno de germanaj kavaliroj,False
Germanala lingui,Ĝermana lingvaro,False
Germanala populi,Ĝermanoj,False
Germaniana linguo,Germana lingvo,False
Germering,Germering,False
Gevelsberg,Gevelsberg,False
Giganta tukano,Tokoa tukano,False
Gilgamesh,Gilgameŝ,False
GIMP,GIMP,False
Git,Git,False
GitHub,GitHub,False
Gjirokastër,Gjirokastër,False
Glasgow,Glasgovo,False
Glasnost,Glasnost,False
Glia celulo,Glia ĉelo,False
Globala koldigo,Tutmonda malvarmiĝo,False
Globala varmesko,Tutmonda varmiĝo,False
Goiás,Gojaso,False
Gongju,Konĝu,False
Goniądz,Goniądz,False
Gormaz,Gormaz,False
Gornyak,Gornjak,False
Goshen,Goshen,False
Gotik arkitekturo,Gotika arkitekturo,False
Gotika linguo,Gota lingvo,False
Gradefes,Gradefes,False
Grafiko dudimensiona,Dudimensia komputila grafiko,False
Grafiko rastrala,Rastruma bildo,False
Grafiko tridimensiona,Tridimensia komputila grafiko,False
Grafiko vektorala,Vektora bildo,False
Granda purigo,Granda purigo,False
Graubünden,Kantono Grizono,False
Gravataí,Gravataí,False
Graz,Graz,False
Gregoriala kalendario,Gregoria kalendaro,False
Greka alfabeto,Greka alfabeto,False
Greka linguo,Greka lingvo,False
Greka mitologio,Helena mitologio,False
Greka tragedio,Helena tragedio,False
Grindavík,Grindavík,False
Gruziana linguo,Kartvela lingvo,False
Guam,Gvamo,False
Guangzhou,Kantono (Ĉinio),False
Guaratinguetá,Guaratinguetá,False
Guarujá,Guarujá,False
Guayaquil,Guayaquil,False
Gudermes,Gudermeso,False
Guernsey,Gernezejo,False
Guilin,Gujlin,False
Gujarat,Guĝaratio,False
Gulag,Gulago,False
Gusev,Gusev,False
Gwangju,Kŭangĵuo,False
Gyeongju,Kjonĝu,False
Győr,Győr,False
Gäncä,Ganĝo,False
Görlitz,Görlitz,False
Göteborg,Göteborg,False
Göttingen,Göttingen,False
Gößnitz,Gößnitz,False
Haarlem,Harlemo (Nederlando),False
Habarovsk,Ĥabarovsko,False
Habeas corpus,Habeas corpus,False
Hades,Hadeso,False
Hadj,Haĝo,False
Hafez,Hafizo,False
Hafnarfjörður,Hafnarfjörður,False
Haiku,Hajko,False
Haiphong,Hajfongo,False
Hair,Hair,False
Haitiana kreolo,Haitia kreola lingvo,False
Halifax,Halifakso,False
Halloween,Halloween,False
Halucinigiva drogo,Halucinogeno,False
Halucinigiva fungo,Psilocibina fungo,False
Hamamatsu,Hamamaco,False
Hamburg,Hamburgo,False
Hameln,Hameln,False
Hamilton,Hamilton (apartigilo),False
Hanau,Hanau,False
Hangul,Korea alfabeto,False
Hannibal,Hanibal Barka,False
Hannover,Hanovro,False
Hanti linguo,Ĥanta lingvo,False
Harbin,Harbino,False
Harda disko,Diskaparato,False
Hardcore punk,Hardcore punko,False
Harec,Haaretz,False
Harkiv,Ĥarkivo,False
Hasavyurt,Ĥasavjurt,False
Havířov,Havířov,False
Heavy metal,Metalroko,False
Hebrea kalendario,Hebrea kalendaro,False
Hebrea linguo,Hebrea lingvo,False
Heidelberg,Heidelberg,False
Heilbronn,Hajlbrono,False
Heineken,Heineken,False
Hektor,Hektoro,False
Hellen,Heleno (mitologio),False
Helsingborg,Helsingborg,False
Henry,Henro,False
Herakles,Heraklo,False
Heraklion,Iraklio,False
Hergé,Hergé,False
Heringsdorf,Heringsdorf,False
Herkules,Herkulo,False
Hermes,Hermeso,False
Hernanes,Hernanes,False
Hexadecimala nombrosistemo,Deksesuma nombrosistemo,False
Hidroelektrala energio,Hidroelektro,False
Higgs bosono,Bosono de Higgs,False
Hijab,Hiĝabo,False
Hildesheim,Hildesheim,False
Hilversum,Hilversum,False
Hip hop,Hiphopo,False
Hiperbolala geometrio,Hiperbola geometrio,False
Hippomedon,Hipomedono,False
Hispana mararmeo,Nevenkebla Mararmeo,False
Hispaniana literaturo,Hispana literaturo,False
Hispanlingua literaturo,Hispanlingva literaturo,False
Hizbollah,Hizbulaho,False
Hmelnickiy,Ĥmelnickijo,False
Hobart,Hobarto,False
Holguín,Holguín,False
Hollywood,Holivudo,False
Holodomor,Holodomoro,False
Holstein,Holstein Frisa,False
Homala cienci,Homa scienco,False
Homala korpo,Homa korpo,False
Homala raso,Raso,False
Homala skeleto,Homa skeleto,False
Homala yuri,Homaj rajtoj,False
Homeosexuala mariajo,Samseksaj edzeco kaj edzineco,False
Homiel,Homel,False
Homo erectus,Homo erectus,False
Homo habilis,Homo habilis,False
Homo neanderthalensis,Neandertala homo,False
Homs,Homs,False
Honolulu,Honoluluo,False
Honshu,Honŝuo,False
Horala zono,Horzono,False
Houston,Houston (apartigilo),False
Hrisaor,Ĥrisaoro,False
Hrubieszów,Hrubieszów,False
HTML,HTML,False
HTTP,Hiperteksto-Transiga Protokolo,False
Humanoidala roboto,Humanoida roboto,False
Hungara linguo,Hungara lingvo,False
Huwasong,Huason,False
Höfn,Höfn í Hornafirði,False
Húsavík,Húsavík,False
Ibadan,Ibadano,False
Ibera linco,Iberia linko,False
IBM,IBM,False
Idala revui,Revuoj en Ido,False
Idmon,Idmono,False
Ido reformita,Ido reformita,False
Ierusalem,Jerusalemo,False
IFOR,IFOR (The Implementation Force),False
IGEM,IGEM,False
Iguatu,Iguatu (Cearao),False
Imaginara nombro,Imaginara nombro,False
Imaginara unajo,Imaginara unuo,False
Imperativa programifo,Ordonema programado,False
Imperatriz,Imperatriz (Maranjo),False
Imperita paro,Ordita duopo,False
Incheon,Inĉono,False
Indijena populi,Indiĝenaj popoloj,False
Indoneziana linguo,Indonezia lingvo,False
Informala sistemo,Informa sistemo,False
Informala teknologio,Informa teknologio,False
Informatikala kemio,Komputika kemio,False
Informatikala linguistiko,Komputa lingvoscienco,False
Infoterm,Infoterm,False
Ingolstadt,Ingolstadt,False
Ingriana linguo,Iĵora lingvo,False
Inklinita plano,Dekliva ebenaĵo,False
Innsbruck,Innsbruck,False
InSight,Insight,False
Instagram,Instagram,False
Intal,Intalo,False
Integrigita cirkuito,Integra cirkvito,False
Intergluteal fendego,Interglutea sulko,False
Intermilitala periodo,Intermilita periodo,False
Interna medicino,Interna medicino,False
Interna milito,Interna milito,False
Internacion aqui,Internacia maro,False
Internacion organizuro,Internacia organizaĵo,False
Internaciona dio,Internacia tago,False
Internaciona legaro,Internacia juro,False
Internaciona linguo,Mondlingvo,False
Internaciona relati,Internaciaj rilatoj,False
Interretala forumo,Retforumo,False
Interretala protokolo,IP,False
Interretala servado,Retservo,False
IPad,IPad,False
Irak,Irako,False
Iran,Irano,False
Iranana lingui,Irana lingvaro,False
Irkutsk,Irkutsko,False
Irlandana linguo,Irlanda lingvo,False
ISBN,ISBN,False
Isfahan,Isfahano,False
IShowSpeed,IShowSpeed,False
Islamabad,Islamabado,False
Islamala kalendario,Islama kalendaro,False
Islandana linguo,Islanda lingvo,False
ISO 3166,ISO 3166,False
ISO 639,ISO 639,False
Istanbul,Istanbulo,False
Itajaí,Itajaí,False
Italian unigo,Unuiĝo de Italio,False
Italiana linguo,Itala lingvo,False
Italika lingui,Italika lingvaro,False
Itanhaém,Itanhaém,False
Itu,Itu,False
IUPAK,Internacia Unio de Teoria kaj Aplika Kemio,False
Ixion,Iksiono,False
Izberbash,Izberbaŝ,False
Iznogoud,Iznogud,False
İskenderun,İskenderun,False
İzmir,Izmiro,False
Jacareí,Jacareí,False
Jaipur,Ĝajpuro,False
Jalalabad,Ĝalalabado,False
Jamestown,Ĵamestaŭno,False
Januara revolto,Januara Ribelo,False
Japoniana linguo,Japana lingvo,False
Jason,Jazono,False
JavaScript,JavaScript,False
Jeanne d'Arc,Johana de Arko,False
Jeanneke pis,Jeanneke Pis,False
Jeddah,Ĝido,False
Jequié,Jequié,False
Jersey,Ĵerzejo,False
Jihad,Ĝihado,False
Jodhpur,Ĝodpur,False
Joensuu,Joensuu,False
Johannesburg,Johanesburgo,False
Joseon,Joseon-Dinastio,False
Juanes,Juanes,False
Juda filozofio,Juda filozofio,False
Judiciala persono,Jura persono,False
Judiciala povo,Justica povo,False
Juliala kalendario,Julia kalendaro,False
Julio 2005,Julio de 2005,False
Jundiaí,Jundiaí,False
Juneau,Juneau,False
Jyväskylä,Jyväskylä,False
Jöhstadt,Jöhstadt,False
Jönköping,Jönköping,False
K2,K2,False
Kabul,Kabulo,False
Kadavro bonega,Rava kadavro,False
Kaifeng,Kajfengo,False
Kaká,Kaká,False
Kalendario azteka,Azteka kalendaro,False
Kaliningrad,Kaliningrado,False
Kalorala regulado,Termoregulado,False
Kalorala transfero,Varmotransdono,False
Kaloro kambiilo,Varmointerŝanĝilo,False
Kaloro mashino,Termika motoro,False
Kamerun,Kameruno,False
Kamieńsk,Kamieńsk,False
Kanadana linco,Kanada linko,False
Kanarezo linguo,Kanara lingvo,False
Kanonala yuro,Kanona juro,False
Karabash,Karabaŝ,False
Karaisalı,Karaisalı,False
Kardinala nombro,Kardinala nombro,False
Kardinala punti,Kompasdirektoj,False
Kardiovaskulala kirurgio,Korĥirurgio,False
Kareliana linguo,Karela lingvo,False
Karteziana produto,Kartezia produto,False
Karviná,Karviná,False
Kashubana linguo,Kaŝuba lingvo,False
Kasimov,Kasimov,False
Kaspiysk,Kaspijsk,False
Kassel,Kaselo,False
Kastiliana linguo,Hispana lingvo,False
Kataluniana linguo,Kataluna lingvo,False
Kataluniana nacionalismo,Kataluna naciismo,False
Katmandu,Katmanduo,False
Katolik eklezio,Katolika Eklezio,False
Katolika liturgio,Katolika liturgio,False
Katolika teologio,Katolika teologio,False
Kavajë,Kavajë,False
Kazan,Kazano,False
Kecskemét,Kecskemét,False
Kelta lingui,Kelta lingvaro,False
Kemial armo,Kemia armilo,False
Kemial elemento,Kemia elemento,False
Kemiala equilibro,Kemia ekvilibro,False
Kemiala formulo,Kemia formulo,False
Kemiala kompozuro,Kemia kombinaĵo,False
Kemiala ligilo,Kemia ligo,False
Kemiala reakto,Kemia reakcio,False
Kent,Kent,False
Kentucky,Kentukio,False
Keukenhof,Keukenhof,False
Khartoum,Ĥartumo,False
Kibuc,Kibuco,False
Kickstarter,Kickstarter,False
Killection,Killection,False
Kinderdijk,Kinderdijk,False
Kingston,Kingstono,False
Kingstown,Kingstaŭno,False
Kiribatana linguo,Kiribata lingvo,False
Kirila alfabeto,Cirila alfabeto,False
Kirkuk,Kirkuk,False
Kishtim,Kiŝtim,False
Kisumu,Kisumu,False
Kitsch,Kiĉo,False
Kiyiv,Kievo,False
Kizilyurt,Kizilurt,False
Klasik antiqueso,Grek-romia antikvo,False
Klasika elementi,Klasikaj elementoj,False
Klasika mekaniko,Klasika mekaniko,False
Klasika studii,Klasikaj studoj,False
Klimado sportala,Sporta grimpado,False
KLM,Koninklĳke Luchtvaart Maatschappĳ,False
Klodovecho l'1ma,Klodvigo la 1-a,False
Kneecap,Kneecap (bando),False
Kneset,Kneset,False
Knol,Knol,False
Knyszyn,Knyszyn,False
Koblenz,Koblenco,False
Kock,Kock,False
Koibalana linguo,Koibala dialekto,False
Kokleal implantajo,Koklea enplanto,False
Kolda guto,Malvarma guto,False
Kolda milito,Malvarma milito,False
Kolding,Koldingo,False
Kolonrektumala* kirurgio,Kojlorektuma kirurgio,False
Komercala chambro,Komerca ĉambro,False
Komercala milito,Komerca milito,False
Kominform,Kominform,False
Komintern,Tria Internacio,False
Komisala teritorii,Mandato de la Ligo de Nacioj,False
Komplexa nombro,Kompleksa nombro,False
Komplexa plano,Kompleksa ebeno,False
Kompozita nombro,Komponita nombro,False
Komputeral injeniorarto,Komputada inĝenierarto,False
Komputerala grafiko,Komputila grafiko,False
Komputerala programifado,Programado,False
Komputerala reto,Komputila reto,False
Komputerala simulo,Komputilsimulado,False
Komuna merkato,Komuna merkato,False
Komunikala kanalo,Komunika kanalo,False
Komunikala protokolo,Ret-komunika protokolo,False
Komunista simbolismo,Komunisma simbolaro,False
Konceptal arto,Koncepta arto,False
Kondutala genetiko,Konduta genetiko,False
Koningsdag,Reĝotago en Nederlando,False
Konioforma skripturo,Kojnoskribo,False
Konocala cienco,Kognoscienco,False
Konstanta funciono,Konstanta funkcio,False
Konstanta revelado,Konstanta revelacio,False
Konstitucala monarkio,Konstitucia monarkio,False
Konstruktita linguo,Konstruita lingvo,False
Kontinentala blokuso,Kontinenta Blokado,False
Kontinentala kongreso,Kontinenta Kongreso,False
Kontinua funciono,Kontinua funkcio,False
Kontinuo mekaniko,Kontinuaĵa mekaniko,False
Koordinatala sistemo,Koordinatsistemo,False
Kopeisk,Kopejsk,False
Kordofana lingui,Kordofana lingvaro,False
Koreana linguo,Korea lingvo,False
Korento alternanta,Alterna kurento,False
Koresponda shakoludo,Koresponda ŝako,False
Korlaka linguo,Siberia Finna lingvo,False
Kornwal,Kornvalo,False
Kornwalana linguo,Kornvala lingvo,False
Korpo linguistiko,Korpusa lingvistiko,False
Kortrijk,Kortrejko,False
Korçë,Korçë,False
Kosmala polvo,Kosma polvo,False
Kosmala radiaco,Kosma radiado,False
Kraftwerk,Kraftwerk,False
Kragujevac,Kragujevac,False
Kraków,Krakovo,False
Krasnobród,Krasnobród,False
Krasnoyarsk,Krasnojarsko,False
Krasnystaw,Krasnystaw,False
Kraśnik,Kraśnik,False
Kreala mito,Mitoj pri kreo,False
Kremlin,Kremlo,False
Kreola linguo,Kreola lingvo,False
Kristalala strukturo,Kristala strukturo,False
Kristiansand,Kristiansand,False
Kroata linguo,Kroata lingvo,False
Kronshtadt,Kronŝtadto,False
Kubana revoluciono,Kuba revolucio,False
Kukës,Kukës,False
Kulturala heredo,Kultura heredo,False
Kulturala studii,Kulturaj sciencoj,False
Kumbriana linguo,Kumbria lingvo,False
Kumorah,Kumorah,False
Kuomintang,Kuomintango,False
Kurasizita vehilo,Kirasaŭto,False
Kurda linguo,Kurda lingvaro,False
Kurdistan,Kurdio,False
Kuroniana linguo,Kurona lingvo,False
Kursk,Kursk,False
Kushiana lingui,Kuŝida lingvaro,False
Kuwait,Kuvajto,False
Kvena linguo,Kvena lingvo,False
Kyushu,Kiuŝuo,False
Kópavogur,Kópavogur,False
Köln,Kolonjo,False
Köthen,Köthen (Anhalt),False
København,Kopenhago,False
Ladina linguo,Ladina lingvo,False
Laokoon,Laokoonto,False
Laomedon,Laomedono,False
Laplasal operacanto,Laplaca operatoro,False
Larja linguomodelo,Granda lingvomodelo,False
Lascaux,Groto Lascaux,False
Lasta vesperomanjo,Lasta Vespermanĝo,False
Latenta kaloro,Latenta varmo,False
Latina alfabeto,Klasika latina alfabeto,False
Latina linguo,Latina lingvo,False
Latinida filologio,Romanistiko,False
Latinida linguo,Latinida lingvaro,False
Latviana linguo,Latva lingvo,False
Lazistan,Lazujo,False
LED,Lum-eliganta diodo,False
Leeds,Leeds,False
Leet,Leet,False
Leeuwarden,Leeuwarden,False
Lego ciencala,Scienca leĝo,False
Leicester,Leicester,False
Leiden,Leiden,False
Leipzig,Leipzig,False
Leisnig,Leisnig,False
Leonana linguo,Leona lingvo,False
Lerwick,Lerwick,False
Leuven,Loveno,False
Lexington,Lexington,False
Lezhë,Lezhë,False
Lgov,Lgov,False
Libera merkato,Libera merkato,False
Libera programaro,Libera programaro,False
Liberec,Liberec,False
Libiana dezerto,Libia Dezerto,False
Liebstadt,Liebstadt,False
Liechtenstein,Liĥtenŝtejno,False
Limburgana linguo,Limburga lingvo,False
Limerick,Limerick,False
Limoges,Limoĝo,False
Limousin,Limoĝio,False
Lincoln,Lincoln,False
Lineal equaciono,Lineara ekvacio,False
Lineala funciono,Lineara funkcio,False
Lingua franca,Lingvafrankao,False
Lingual aranjeso,Lingvoplanado,False
Linguala ideologio,Lingva ideologio,False
Linguala yuri,Lingvaj rajtoj,False
Linguistiko komparata,Kompara lingvoscienco,False
Linhares,Linhares,False
Linköping,Linköping,False
Linux,Linux,False
Linz,Linz,False
Lipsk,Lipsk (Podlaĥio),False
Literaturala jenro,Literatura ĝenro,False
Literaturala verko,Literaturaj verkoj,False
Lituana linguo,Litova lingvo,False
Liverpool,Liverpool,False
Livoniana linguo,Livona lingvo,False
Llanfairpwllgwyngyllgogerychwyrndrobwllllantysiliogogogoch,Llanfairpwllgwyngyllgogerychwyrndrobwllllantysiliogogogoch,False
Lobón,Lobón,False
Lofoten,Lofotoj,False
Logikala disjunciono,Logika aŭo,False
Logikala konjunciono,Konjunkcio (logiko),False
Logikala nego,Logika neo,False
Lojban,Loĵbano,False
Lokala reto,Loka reto,False
Lordiversity,Lordiversity,False
LSD,LSD,False
Lubartów,Lubartów,False
Lublin,Lublin,False
Luca dialekto,Luca dialekto,False
Luck,Lucko,False
Ludiana linguo,Luda karela lingvo,False
Ludwigshafen,Ludwigshafen,False
Luhansk,Luhansko,False
Luna 1,Luna 1,False
Luna 3,Luna 3,False
Luoyang,Lŭojango,False
Lushnjë,Lushnjë,False
Luxemburgiana linguo,Luksemburga lingvo,False
Luzon,Luzono,False
Lviv,Lvivo,False
Lyon,Liono,False
Légion d'Honneur,Honora legio,False
Léman,Lemano,False
Lübeck,Lubeko,False
L’anciena fusilo,Le Vieux Fusil (filmo),False
Maastricht,Mastriĥto,False
Macapá,Macapá,False
Maceió,Maceió,False
Mach,Maĥo,False
Mackenyu,Mackenyu Arata,False
Madrid,Madrido,False
Magdeburg,Magdeburgo,False
Magiala quadrato,Magia kvadrato,False
Magnetala feldo,Magneta kampo,False
Magnitogorsk,Magnitogorsk,False
Magreb,Magrebo,False
Mahaon,Makaono (mitologio),False
Mahiliow,Mahiljoŭ,False
Mahón,Maono,False
Mainz,Majenco,False
Maján,Maján,False
Makalu,Makalu,False
Makau,Makao,False
Makedoniana linguo,Makedona lingvo,False
Malayala linguo,Malajala lingvo,False
Malmö,Malmö,False
Maltana linguo,Malta lingvo,False
Malé,Maleo (Maldivoj),False
Manaslu,Manaslu,False
Manavgat,Manavgat,False
Manchester,Manĉestro,False
Mandalay,Mandalajo,False
Manhattan,Manhatano,False
Manizales,Manizales,False
Manjebla salo,Salo,False
Manneken pis,Manneken Pis,False
Mannheim,Mannheim,False
Mansi linguo,Mansa lingvo,False
Manxana linguo,Manksa lingvo,False
Mapuche linguo,Mapuĉa lingvo,False
Maracanaú,Maracanaú,False
Marakesh,Marakeŝo,False
Marala nivelo,Marnivelo,False
Marala piloto,Piloto (naŭtiko),False
Maramureș,Maramureŝo,False
Mariinsk,Mariinsk,False
Marijampolė,Marijampolė,False
Mariner 4,Mariner 4,False
Mariner 9,Mariner 9,False
Maringá,Maringá,False
Mariupol,Mariupolo,False
Marken,Marken,False
Mars 3,Mars 3,False
Martinik,Martiniko,False
Maryland,Marilando,False
Maseru,Maseruo,False
Mashad,Maŝhado,False
Maskat,Maskato,False
Massachusetts,Masaĉuseco,False
Mastodon,Mastodon,False
Matematikala biologio,Matematika biologio,False
Matematikala fiziko,Matematika fiziko,False
Matematikala konstanto,Matematika konstanto,False
Matematikala logiko,Matematika logiko,False
Matematikala modelo,Matematika modelo,False
Materio obskura,Malluma materio,False
Mator linguo,Matora lingvo,False
Matāʻutu,Matauto,False
Mauriac,Mauriac,False
Mauá,Mauá,False
Mayhem,Mayhem,False
Mazandarana linguo,Mazandarana lingvo,False
Medan,Medano,False
Medellín,Medeĝino,False
Medicinala skolo,Medicina fakultato,False
Medikala etiko,Medicina etiko,False
Medikala signo,Klinika signo,False
Mediteranea klimato,Mediteranea klimato,False
Megadeth,Megadeth,False
Meissen,Meißen,False
Mekanikala kalkulilo,Mekanika kalkulilo,False
Meklin,Meĥleno,False
Mekong,Mekongo,False
Memnon,Memnono,False
Memorial,Memorial,False
Mengabril,Mengabril,False
Menton,Menton,False
Mercosur,Merkosudo,False
Merkala linguo,Marklingvo,False
Merlin,Merlin (mitologio),False
Meshchera linguo,Meŝĉera lingvo,False
MESSENGER,MESSENGER,False
Metamorfa roko,Metamorfa rokaĵo,False
Metrika spaco,Metrika spaco,False
Metz,Metz,False
Meudon,Meudon,False
Meza paleolitiko,Meza Paleolitiko,False
Mezepokala literaturo,Mezepoka literaturo,False
Miass,Miass,False
Michigan,Miĉigano,False
Michoacán,Michoacán,False
Microsoft,Microsoft,False
Middlesbrough,Middlesbrough,False
Milital aviacilo,Militaviadilo,False
Militala judicio,Militleĝo,False
Militala tanko,Tanko,False
Minecraft,Minecraft,False
Minoritata linguo,Minoritata lingvo,False
Minoritatala grupo,Malplimulto,False
Minsk,Minsko,False
Miskolc,Miskolc,False
Mistral,Mistralo,False
Mitologiala biblioteko,Mitologia biblioteko,False
Modala logiko,Modala logiko,False
Modern arto,Moderna arto,False
Moderna pentatlo,Moderna pentatlono,False
Modulal aritmetiko,Modula aritmetiko,False
Mogadishu,Mogadiŝo,False
Moncton,Moncton,False
Mongola lingui,Mongola lingvaro,False
Mongola linguo,Mongola lingvo,False
Mons,Mons (Belgio),False
Montemolín,Montemolín,False
Montenegrana linguo,Montenegra lingvo,False
Montgomery,Montgomery,False
Montluçon,Montluçon,False
Montpellier,Montpellier,False
Montreux,Montreux VD,False
Montréal,Montrealo,False
Montserrat,Moncerato,False
Montsoreau,Montsoreau,False
Monzón,Monzono,False
Mormona bataliono,Mormona Bataliono,False
Mormona fundamentalismo,Mormona integrismo,False
Mormona kosmologio,Mormona kosmologio,False
Mormona pioniri,Mormonaj pioniroj,False
Mormona templo,Mormona templo,False
Mormona treko,Mormona Vojo,False
Morretes,Morretes,False
Mosad,Mosado,False
Mossoró,Mossoró,False
Mosul,Mosulo,False
Motown,Motown,False
Motörhead,Motörhead,False
Movado nun,Movado nun,False
Mozambik,Mozambiko,False
Mozdok,Mozdoko,False
Muhamad,Mohamedo,False
Murmansk,Murmansko,False
Musiqq,Musiqq,False
Muzikal instrumento,Muzika instrumento,False
Mâcon,Mâcon,False
Mügeln,Mügeln,False
München,Munkeno,False
Münster,Münster (Vestfalio),False
Nachtwacht,La noktaj gardistoj,False
Nacionala biblioteko,Nacia biblioteko,False
Nacionala ekonomio,Nacia ekonomio,False
Nacionala himno,Nacia himno,False
Nacionala konvenciono,Nacia Konvencio (franca respubliko),False
Nancy,Nancio,False
Nanjing,Nankino,False
Nanning,Naningo,False
Nantes,Nanto (Francio),False
Napalm,Napalmo,False
Napolitana linguo,Napola lingvo,False
Narayanganj,Narajanganĝ,False
Nassau,Nasaŭo (Bahamoj),False
Natura 2000,Reto Natura 2000,False
Naturala cienci,Naturscienco,False
Naturala gaso,Tergaso,False
Naturala linguo,Natura lingvo,False
Naturala nombro,Natura nombro,False
Naturala persono,Fizika persono,False
Naturala satelito,Natura satelito,False
Naturala selektado,Natura selektado,False
Naturala yuro,Jurnaturalismo,False
Nauru,Nauro,False
Nauvoa legiono,Nauvoa Legio,False
Naviraí,Naviraí,False
Naypyidaw,Nepjido,False
Nazaret,Nazareto,False
Nałęczów,Nałęczów,False
Nedependanta laboristo,Sendependa kunlaboristo,False
Nederlandana linguo,Nederlanda lingvo,False
Neeuklidana geometrio,Neeŭklidaj geometrioj,False
Neneca linguo,Neneca lingvo,False
Neorganika kemio,Neorganika kemio,False
Nepali linguo,Nepala lingvo,False
Neracionala nombro,Neracionala nombro,False
Nestala parazito,Nestoparazitado,False
Netflix,Netflix,False
Neubrandenburg,Neubrandenburg,False
Neuquén,Neuquén,False
Neuruppin,Neuruppin,False
Nevarianta maso,Invarianta maso,False
Nevers,Nevers,False
Newport,Newport (Monmouthshire),False
Nganasan linguo,Nganasana lingvo,False
Niamey,Niameo,False
Nightwish,Nightwish,False
Nigra magio,Nigra magio,False
Nigra pesto,Nigra morto,False
Nijer,Niĝero,False
Nijmegen,Nimego,False
Nikšić,Nikšić,False
Nissan,Nissan,False
Nitroz oxido,Ridgaso,False
Nivelacenso maraquala,Marnivela leviĝo,False
Nix,Nikso (mitologio),False
Niš,Niŝo,False
NKVD,NKVD,False
Nobla metalo,Nobla metalo,False
Nombral axo,Nombra akso,False
Norda polo,Norda poluso,False
Nordala mitologio,Nord-ĝermana mitologio,False
Nordenham,Nordenham,False
Nordhausen,Nordhausen,False
Norfolk,Norfolk (Anglio),False
Norrköping,Norrköping,False
Norvegiana linguo,Norvega lingvo,False
Nottingham,Nottingham,False
Nouakchott,Nuakŝoto,False
Nov latin,Nov Latin,False
Nova kristano,Novkristano,False
Novatian,Novatiano,False
Novembra revolto,Novembra ribelo,False
Novial,Novialo,False
Novoaltaisk,Novoaltajsk,False
Novodevichy kuvento,Novodeviĉij monaĥejo,False
Novosibirsk,Novosibirsko,False
Nu metal,Nua metalroko,False
Nubala komputado,Nuba komputado,False
Nukleal armo,Nuklea armilo,False
Nukleo atomala,Atomkerno,False
Nunavut,Nunavuto,False
Nuntempal epoko,Nuntempa epoko,False
Nuristana lingui,Nuristana lingvaro,False
Nutriva kateno,Manĝoĉeno,False
Nutrivala plusajo,Nutraĵa aldonaĵo,False
Nuuk,Nuko (Gronlando),False
Nyazepetrovsk,Njazepetrovsk,False
Nyord,Njórðr,False
Nürnberg,Nurenbergo,False
Oahu,Oahu,False
Oberwesel,Oberwesel,False
Oberwiesenthal,Oberwiesenthal,False
Oboyan,Obojanj,False
Occidental,Okcidentalo,False
Oceaniana lingui,Oceania lingvaro,False
Ocidentala filozofio,Okcidenta filozofio,False
Ocitaniana linguo,Okcitana lingvo,False
Odin,Odino,False
Odoaker,Odoakro,False
Oktala nombrosistemo,Okuma nombrosistemo,False
Oktoberfest,Oktobrofesto,False
Oktobro 2005,Oktobro de 2005,False
Olomouc,Olomouc,False
Olsztyn,Olsztyn,False
Oman,Omano,False
Omsk,Omsko,False
Onam,Onam,False
ONEP,OPEL,False
Opel,Opel,False
Operaco binara,Duvalenta operacio,False
Opportunity,Opportunity,False
Optikal arto,Optika arto,False
Oran,Orano,False
Oranjea revoluciono,Oranĝa Revolucio,False
Oranjestad,Oranjestado,False
Ordinala nombro,Ordonombro,False
Orea aglo,Reĝa aglo,False
Orea lanofelo,Ora ŝaffelo,False
Oreatra shakalo,Ora ŝakalo,False
Oregon,Oregono,False
Orestes,Oresto,False
Organika kemio,Organika kemio,False
Origina mito,Origina mito,False
Ornamentala planto,Ornamplanto,False
Orta triangulo,Orta triangulo,False
Oschatz,Oschatz,False
Osetiana linguo,Oseta lingvo,False
Osijek,Osijek,False
Osnabrück,Osnabrück,False
Otaru,Otaru,False
Ouagadougou,Vagaduguo,False
Oulu,Oulu,False
Overijssel,Overiselo,False
Oxford,Oksfordo,False
Ozorków,Ozorków,False
Pakistan,Pakistano,False
Palau,Palaŭo,False
Palembang,Palembang,False
Palestinana milito,Palestina enlanda milito de 1947-1949,False
Palestinana teritorii,Palestiniaj teritorioj,False
Palikir,Palikiro,False
Palk,Palka Markolo,False
Pan,Pajno,False
Panevėžys,Panevėžys,False
Pankreatala kancero,Pankreata karcinomo,False
Pantanal,Pantanalo,False
Paraguay,Paragvajo,False
Paralela komputado,Paralela komputado,False
Paranaguá,Paranaguá,False
Paraná,Paraná,False
Parczew,Parczew,False
Parintins,Parintins,False
Parlamentala grupo,Frakcio (parlamento),False
Parmana fromajo,Parmezano,False
Parnamirim,Parnamirim (Rio Grande do Norte),False
Pará,Parao,False
Paskala ovo,Paska ovo,False
Patro nia,Patro nia,False
Pau,Paŭo (Francio),False
Pedofilala movado,Pedofilia movado,False
Pelagika zono,Pelaga zono,False
Pelops,Pelopso,False
Pelé,Pelé,False
Penang,Penango,False
Penrose triangulo,Triangulo de Penrose,False
Peptida ligilo,Peptida ligilo,False
Peranzanes,Peranzanes,False
Perikles,Periklo,False
Periodala tabelo,Perioda tabelo,False
Perm,Permjo,False
Perpignan,Perpinjano,False
Persiana gulfo,Persa Golfo,False
Persiana linguo,Persa lingvo,False
Personal uniono,Persona unio,False
Personala komputero,Persona komputilo,False
Peru,Peruo,False
Petergof,Petergof,False
Petrozavodsk,Petrozavodsko,False
PH,PH (kemia parametro),False
Philips,Philips,False
Phishing,Rettrompado,False
PHP,PHP,False
Piauí,Piaŭio,False
Pichilemu,Piĉilemo,False
Pidgin,Pidgin,False
Piemont,Piemonto,False
Piemontana linguo,Piemonta lingvo,False
Pilades,Pilado,False
Pingu,Pingu,False
Pioneer 11,Pioneer 11,False
Pipro nigra,Nigra pipro,False
Pitagorala komo,Pitagora komao,False
Pitkern,Pitkarna Insularo,False
Pittsburgh,Pittsburgh,False
Plast,Plast,False
Platon,Platono,False
PlayStation 3,PlayStation 3,False
Pleistenes,Plisteno,False
Pleven,Pleven,False
Plovdiv,Plovdiv,False
Plzeň,Pilzeno,False
Podolsk,Podolsko,False
Poitiers,Puatiero,False
Polala koordinati,Polusa koordinatsistemo,False
Polara cirklo,Polusa cirklo,False
Poligona nombro,Plurlatera nombro,False
Polineikes,Poliniko,False
Polineziana lingui,Polinezia lingvaro,False
Politikala dextro,Politika dekstro,False
Politikala korekteso,Politika ĝusteco,False
Politikala sinistro,Politika maldekstro,False
Politiko linguala,Lingvopolitiko,False
Polona linguo,Pola lingvo,False
Ponitz,Ponitz,False
Populi bantuo,Bantuoj,False
Populizita loko,Setlejo,False
Portebla komputero,Portebla komputilo,False
Portland,Portland (apartigilo),False
Portsmouth,Portsmouth,False
Portugalana linguo,Portugala lingvo,False
Portugalana literaturo,Literaturo de Portugalio,False
Poseidon,Posejdono,False
Potencial energio,Potenciala energio,False
Potlach,Potlaĉo,False
Potomac,Potomako (rivero),False
Potsdam,Potsdam,False
Power metal,Potenca metalroko,False
Pozicionala nombrosistemo,Pozicia nombrosistemo,False
Pozitiva yuro,Pozitiva juro,False
Poznań,Poznano,False
Pran,Pran,False
Precoza metalo,Valormetalo,False
Predikatala logiko,Predikatkalkulo,False
Preso mezuro,Manometro,False
Prezidantala republiko,Prezidenta respubliko,False
Prešov,Prešov,False
Prima nombro,Primo,False
Primara partikulo,Elementa partiklo,False
Privata proprieto,Privata posedo,False
Privata yurocienco,Privata juro,False
Produktanta gramatiko,Genera gramatiko,False
Produktanta linguistiko,Generativa lingvistiko,False
Profunda lernado,Deep learning,False
Projektiva geometrio,Projekcia geometrio,False
Prolog,Prologo (programlingvo),False
Propozicionala logiko,Asertologiko,False
Protestanta reformo,Reformacio,False
Provencala linguo,Provenca lingvo,False
Provins,Provins,False
Przedbórz,Przedbórz,False
Przemyśl,Przemyśl,False
Pskov,Pskovo,False
PSY,PSY (kantisto),False
Publik administrado,Publika administrado,False
Publika domeno,Publika havaĵo,False
Publika extensajo,Publika spaco,False
Publika ordino,Publika ordo,False
Publika transporto,Publika transporto,False
Publika yurocienco,Publika juro,False
Puchheim,Puchheim,False
Pulsnitz,Pulsnitz,False
Punjab,Panĝabio,False
Punjabana linguo,Panĝaba lingvo,False
Pura matematiko,Pura matematiko,False
Puzlala videoludo,Puzla videoludo,False
Puławy,Puławy,False
Pyongyang,Pjongjango,False
Python,Python (programlingvo),False
Pécs,Pécs,False
Qarağandı,Karagando,False
Qom,Ĥomo,False
Quadrata kilometro,Kvadrata kilometro,False
Quadrata milio,Kvadrata mejlo,False
Quadratala equaciono,Kvadrata ekvacio,False
Quadratala funciono,Kvadrata funkcio,False
Quadratala radiko,Kvadrata radiko,False
Quadrato latina,Latina kvadrato,False
Quantumala mekaniko,Kvantuma mekaniko,False
Quantumala nombro,Kvantuma nombro,False
Quaternara nombrosistemo,Kvaruma sistemo,False
Quedlinburg,Quedlinburg,False
Queen,Queen,False
Queens,Kvinzo,False
Quetzalcoatl,Kecalkoatlo (Mezameriko),False
Quixadá,Quixadá,False
Qwen,Qwen,False
Rabat,Rabato,False
Racibórz,Racibórz,False
Racionala nombro,Racionala nombro,False
Radebeul,Radebeul,False
Radiohead,Radiohead,False
Radom,Radom,False
Raipur,Rajpuro,False
Rajasthan,Raĝastano,False
Rajgród,Rajgród,False
Ramones,Ramones,False
Randers,Randers,False
Rangala relato,Parta ordo,False
Razgrad,Razgrad,False
Reala nombro,Reelo,False
Reala yurocienco,Reala rajto,False
Realistala politiko,Realecpolitiko,False
Rechtsstaat,Jurŝtato,False
Reciproka komprenado,Reciproka komprenado,False
Reda placo,Ruĝa Placo (Moskvo),False
Reddit,Reddit,False
Regensburg,Regensburg,False
Reggaeton,Regetono,False
Regulala poligono,Regula plurlatero,False
Reims,Reims,False
Rejala socio,Reĝa Societo de Londono,False
Religiala netoleremeso,Religia maltoleremo,False
Renala feblesko,Misfunkciado de renoj,False
Renault,Renault,False
Rennes,Rennes,False
Respirala sistemo,Spira sistemo,False
Retorikala figuro,Parolfiguro,False
Retorikala questiono,Retorika demando,False
Reunion,Reunio,False
Reuters,Reuters,False
Revoluciono februarala,Februara revolucio,False
Revoluciono oktobrala,Oktobra Revolucio,False
Reykjanesbær,Reykjanesbær,False
Reykjavík,Rejkjaviko,False
Riad,Riado,False
Ribonukleik acido,RNA,False
Richmond,Richmond,False
Rigel,Riĝelo,False
Rijksmuseum,Rijksmuseum,False
Rikonocal exploro,Skoltado,False
Rilsk,Rilsk,False
Rinovigebla energio,Renoviĝanta energio,False
Ritmala gimnastiko,Ritma gimnastiko,False
Rochester,Rochester,False
Rock,Rok-muziko,False
Roermond,Roermond,False
Romana cifri,Romaj ciferoj,False
Romana mitologio,Romia mitologio,False
Romana monarkio,Roma monarkio,False
Romana republiko,Romia Respubliko,False
Romantik amo,Romantika amo,False
Romantika komedio,Romantika komedio,False
Ronda tablo,Ronda Tablo,False
Roseau,Roseo,False
Rostock,Rostock,False
Rosé,Rosé,False
Rotterdam,Roterdamo,False
Rouen,Rueno,False
Rozea triangulo,Rozkolora triangulo,False
Rubcovsk,Rubcovsk,False
Rugbio 7,Rugbeo 7,False
Ruhr,Ruhr,False
Rumana linguo,Rumana lingvo,False
Rusa linguo,Rusa lingvo,False
Rusa republiko,Rusia Respubliko,False
Rusa revoluciono,Rusia revolucio de 1917,False
Rymanów,Rymanów,False
Rzeszów,Rzeszów,False
Rzgów,Rzgów,False
Saarbrücken,Saarbrücken,False
Saarland,Sarlando,False
Sabará,Sabará,False
Sahel,Sahelo,False
Salisbury,Salisbury,False
Salvador,Salvadoro,False
Salvaleón,Salvaleón,False
Salyut 1,Salut 1,False
Salzburg,Salcburgo,False
Samarkand,Samarkando,False
Samoyeda linguaro,Samojeda lingvaro,False
Sanesala cienci,Sanscienco,False
Sanskrita linguo,Sanskrito,False
Santala linguo,Santala lingvo,False
Sarandë,Sarandë,False
Saransk,Saransko,False
Sarawak,Saravako,False
Sardiniana linguo,Sarda lingvo,False
Saronik insuli,Saronaj insuloj,False
Saronika gulfo,Sarona Golfo,False
Sarpsborg,Sarpsborg,False
Saskatchewan,Saskaĉevano,False
Savannakhet,Savannaĥet,False
Sberbank,Sberbank,False
Scherpenzeel,Scherpenzeel (Gelderlando),False
Scheveningen,Scheveningen,False
Schmidt,Schmidt,False
Schmölln,Schmölln,False
Schneider,Schneider (familia nomo),False
Schutzstaffel,SS (organizaĵo),False
Schwerin,Schwerin,False
Seal,Seal,False
Sedimentala roki,Sedimenta rokaĵo,False
Sejny,Sejny,False
Seltjarnarnes,Seltjarnarnes,False
Semarang,Semarang,False
Semida lingui,Ŝemida lingvaro,False
Senegal,Senegalo,False
Senkondiciona kapitulaco,Senkondiĉa kapitulaco,False
Senpilotist aviacilo,Senpilota aviadilo,False
Senviva pikturo,Aĵpentraĵo,False
Seoul,Seulo,False
Serbiana linguo,Serba lingvo,False
Serial ocidero,Seria murdisto,False
Sevastopol,Sebastopolo,False
Sexorcism,Sexorcism,False
Sexual atrakteso,Seksallogo,False
Sexual ecito,Seksa ekscitiĝo,False
Sexual orientizo,Seksa orientiĝo,False
Sexuala fetishismo,Fetiĉo (amoro),False
Sexuala relato,Amoro,False
Seyhan,Seyhan,False
Sfax,Sfakso,False
Sferala geometrio,Sfera geometrio,False
Sheffield,Sheffield,False
Shenyang,Ŝenjango,False
Shenzhen,Ŝenĝeno,False
Shenzhou 6,Shenzhou 6,False
Shkodër,Shkodër,False
Shlisselburg,Ŝlisselburgo,False
Shumen,Ŝumen,False
Sieradz,Sieradz,False
Sigismund,Sigismundo,False
Signal,Signal (aplikaĵo),False
Sikion,Sikiono,False
Sikkim,Sikimo,False
Sileziana linguo,Silezia-pola lingvo,False
Simetra kriptosistemo,Simetria ĉifro,False
Simonides,Simonido el Kea,False
Simpla mashino,Simpla maŝino,False
Simpla vivo,Modera vivostilo,False
Sindh,Sindo,False
Sindikato laborala,Sindikato,False
Singapur,Singapuro,False
Sinkronigata natado,Sinkrona naĝado,False
Sinop,Sinop (Brazilo),False
Sintaxala sukro,Sintaksa sukero,False
Sitges,Sitges,False
Sjælland,Sjælland,False
Sjón,Sigurjón Birgir Sigurðsson,False
Skalarala potencialo,Skalarpotencialo,False
Skanderbeg,Skanderbeg,False
Skien,Skien,False
Skierbieszów,Skierbieszów,False
Skota linguo,Skota lingvo,False
Skrenal ambiento,Fenestrilo,False
Skógafoss,Skógafoss,False
Slava lingui,Slava lingvaro,False
Slavgorod,Slavgorod,False
Slovaka linguo,Slovaka lingvo,False
Sloveniana linguo,Slovena lingvo,False
Smalltalk,Smalltalk,False
Smart,Smart,False
Smolensk,Smolensk,False
Smolyan,Smoljan,False
SMTP,SMTP,False
Snapchat,Snapchat,False
Snejinsk,Sneĵinsk,False
Sobral,Sobralo,False
Sociala cienco,Socia scienco,False
Sociala grupo,Socia grupo,False
Sociala kontrato,Socia kontrakto,False
Sociala movemento,Socia movado,False
Sociala psikologio,Socia psikologio,False
Sociala relato,Sociaj rilatoj,False
Sociala reto,Socia reto (sociologio),False
Societala realismo,Socia realismo,False
Sofokles,Sofoklo,False
Softwarala kompanio,Firmaoj pri komputila programaro,False
Sojourner,Sojourner,False
Sokoban,Sokobano,False
Sokrates,Sokrato,False
Sola fide,Sola fide,False
Solikamsk,Solikamsko,False
Solon,Solono,False
Solresol,Solresolo,False
Somaliana linguo,Somala lingvo,False
Somerset,Somerset,False
Sony,Sony,False
Sosnowiec,Sosnowiec,False
SoundCloud,SoundCloud,False
Southampton,Southampton,False
Soyuz 9,Sojuz 9,False
SpaceX,SpaceX,False
Specala relativeso,Speciala teorio de relativeco,False
Specifika pezo,Denso,False
Speed metal,Rapida metalroko,False
Spekulema fiktiveso,Spekulativa fikcio,False
Spirit,Spirit,False
Splatoon,Splatoon,False
Split,Split,False
Spokil,Spokil,False
Sporta pafado,Sporta pafado,False
Springfield,Springfield,False
Sputnik 1,Sputnik 1,False
Stagnanta aqueyo,Stagnanta akvejo,False
Stalizita betono,Ŝtalbetono,False
Starbucks,Starbucks,False
Starlink,Starlink,False
Stavanger,Stavanger,False
Stavropol,Stavropolo,False
Steinigtwolmsdorf,Steinigtwolmsdorf,False
Stendhal,Stendhal,False
Stepanakert,Stepanakerto,False
Steyr,Steyr,False
Stix,Stikso,False
Strabon,Strabono,False
Stralsund,Stralsund,False
Stranjera politiko,Ekstera politiko,False
Strasbourg,Strasburgo,False
Stroopwafel,Siropvaflo,False
Strukturala linguistiko,Strukturisma lingvistiko,False
Stryków,Stryków,False
Studio 54,Studio 54,False
Sturmabteilung,Sturmabteilung,False
Stuttgart,Stutgarto,False
SU,Su,False
Submara navo,Submarŝipo,False
Subtropikala klimato,Subtropiko,False
Suda polo,Suda poluso,False
Sudan,Sudano,False
Sudoku,Sudoko,False
Sueda linguo,Sveda lingvo,False
Suffolk,Suffolk,False
Sulejów,Sulejów,False
Sunala celulo,Sunĉelo,False
Sunala energio,Sunenergio,False
Sunala sistemo,Sunsistemo,False
Sunala vento,Suna vento,False
Supersona rapideso,Supersona rapido,False
Supertramp,Supertramp,False
Supra paleolitiko,Malfrua Paleolitiko,False
Supraśl,Supraśl,False
Surat,Surat,False
Suraż,Suraż,False
Surfacal aqui,Surfacakvo,False
Surinam,Surinamo,False
Surrey,Surrey,False
Surtabla komputero,Surtabla komputilo,False
Surtabla ludo,Tabulludo,False
Sussex,Sussex,False
Sustenebla developo,Daŭripova disvolviĝo,False
Suwon,Suvon,False
Suzdal,Suzdalo,False
Suéter,Suéter,False
Svalbard,Svalbardo,False
Swahilia linguo,Svahila lingvo,False
Swakopmund,Swakopmund,False
Swindon,Swindon,False
Sydney,Sidnejo,False
Szczebrzeszyn,Szczebrzeszyn,False
Szczecin,Szczecin,False
Szeged,Szeged,False
Szombathely,Szombathely,False
Székesfehérvár,Székesfehérvár,False
Tabriz,Tabrizo,False
Tacloban,Taklobano,False
Taipei 101,Taipei 101,False
Tajikistan,Taĝikio,False
Tallinn,Talino,False
Tamil linguo,Tamila lingvo,False
Tanakh,Tanaĥo,False
Tangerang,Tangerang,False
Tapajós,Tapajozo,False
Tarnobrzeg,Tarnobrzeg,False
Tarnogród,Tarnogród,False
Tartaro dentala,Tartro (dento),False
Tartu,Tartu,False
Tarzan,Tarzano,False
Tashkent,Taŝkento,False
Tasmaniana tigro,Tilacino,False
Tatara linguo,Tatara lingvo,False
Taubaté,Taubaté,False
Tegumentala sistemo,Tegumenta sistemo,False
Tehran,Teherano,False
Telamon,Telamono,False
Teletubbies,Teletubbies,False
Telugu linguo,Telugua lingvo,False
Tenochtitlán,Tenoĉtitlano,False
Teorial informatiko,Matematika komputoscienco,False
Tepelenë,Tepelenë,False
Terala eri,Terhistorio,False
Teralkala metalo,Teralkala metalo,False
Terespol,Terespol,False
Termala energio,Varmoenergio,False
Termodinamikala ciklo,Termodinamika ciklo,False
Termodinamikala procedo,Termodinamika procezo,False
Ternara nombrosistemo,Triuma sistemo,False
Ternopil,Ternopilo,False
Teruel,Teruelo,False
TERYT,TERYT,False
Tethys,Tetiso (luno),False
Tetuan,Tetuano,False
Texel,Texel,False
Texto korpo,Korpuso,False
Thales,Taleso el Mileto,False
Thames,Tamizo,False
Thimphu,Timbuo,False
Thiruvananthapuram,Tiruvanantapuramo,False
Thomas d'Aquino,Tomaso de Akvino,False
Thrash metal,Draŝa metalroko,False
Thukydides,Tucidido,False
Thum,Thum,False
Tianjin,Tjanĝino,False
Tiburon,Tiburon,False
Tiestes,Tiesto,False
Tikrit,Tikrit,False
TikTok,TikTok,False
Timbuktu,Timbuktuo,False
Tiraspol,Tiraspolo,False
Titanic,RMS Titanic,False
Tituliera sideyo,Titulara episkopujo,False
Tokamak,Tokamako,False
Tokelau,Tokelao,False
Tomsk,Tomsko,False
Tongana linguo,Tongana lingvo,False
Tongatapu,Tongatapu,False
Topaz,Topaz,False
Topologiala spaco,Topologia spaco,False
Tor,Toro (mitologio),False
Torfopeca kabano,Torfpeca kabano,False
Torgau,Torgau,False
Torto flamagita,Flamkuko,False
Toruń,Toruń,False
Totò,Totò,False
Toulon,Toulon,False
Tours,Tours,False
Tradicionala savo,Tradicia scio,False
Traduko memoro,Tradukmemoro,False
Trancendanta nombro,Transcenda nombro,False
Transsiberia fervoyo,Transsiberia fervojo,False
Trenčín,Trenčín,False
Triangulatra komerco,Triangula komerco,False
Tricky,Tricky,False
Trier,Treviro,False
Triesma mondo,Tria mondo,False
Trigonometriala funciono,Trigonometria funkcio,False
Tristan,Tristan (mitologio),False
Tromsø,Tromsø,False
Trondheim,Trondheim,False
Tropikala ciklono,Uragano,False
Tropikala klimato,Tropika klimato,False
Troyes,Troyes,False
Tsaghkadzor,Caghkadzor,False
Tugrik,Mongola tugriko,False
Tuluana linguo,Tulua lingvo,False
Tulum,Tulum,False
Tungusiana lingui,Tunguz-manĉura lingvaro,False
Turka lingui,Tjurka lingvaro,False
Turka linguo,Turka lingvo,False
Turka populi,Tjurkaj popoloj,False
Turku,Turku,False
Tuszyn,Tuszyn,False
Tutanhamon,Tutanĥamono,False
Tuvalu,Tuvalo,False
Twitter,X (mikrobloga servo),False
Tykocin,Tykocin,False
Tyresö,Tyresö,False
Täby,Täby,False
Tórshavn,Tórshavn,False
Tønsberg,Tønsberg,False
Tübingen,Tübingen,False
Türkmenabat,Türkmenabat,False
U2,U2,False
Uetersen,Uetersen,False
Ujhorod,Uĵhorodo,False
Ukrainana linguo,Ukraina lingvo,False
Ulsan,Ulsan,False
Uluru,Uluru,False
Umayada kalifio,Omajada kaliflando,False
Unara nombrosistemo,Unuuma nombrosistemo,False
Unesma koalisuro,Unua Koalicio-Milito,False
Unesma krucomilito,Unua krucmilito,False
Unesma mondomilito,Unua Mondmilito,False
UNICEF,UNICEF,False
Uniejów,Uniejów,False
Unix,Unikso,False
Uralika linguaro,Urala lingvaro,False
Urartu,Urarto,False
Urbala ferovoyo,Metroo,False
Uruguayana peso,Urugvaja peso,False
Uruk,Uruk,False
Usana dolaro,Usona dolaro,False
Usana imperialismo,Usona Imperiismo,False
Utah,Utaho,False
UTC,Universala Tempo Kunordigita,False
Uxmal,Uŝmalo,False
Vaduz,Vaduzo,False
Vaganta kleriki,Vagantaj klerikoj,False
Vajiralongkorn,Maha Vajiralongkorn,False
Valderrey,Valderrey,False
Valladolid,Valadolido,False
Valo d'Aosta,Aosta Valo,False
Vancouver,Vankuvero,False
Vandala linguo,Vandala lingvo,False
Vanuatu,Vanuatuo,False
Varianta stelo,Varia stelo,False
Vauban,Sébastien Le Prestre de Vauban,False
Vektorala spaco,Vektora spaco,False
Velamazán,Velamazán,False
Ventspils,Ventspils,False
Vercingetorix,Vercingetoriks,False
Verlan,Verlan,False
Vermont,Vermonto,False
Versailles,Versailles,False
Vesoul,Vesoul,False
Vestfirðir,Vestfirðir,False
Veterinarala medicino,Veterinara medicino,False
Viborg,Viborg,False
Vichy,Vichy,False
Viciebsk,Vicebsko,False
Vietnam,Vjetnamio,False
Vietnamana linguo,Vjetnama lingvo,False
Vietnamana literaturo,Vjetnama literaturo,False
Viking 1,Viking 1,False
Viking 2,Viking 2,False
Villabraz,Villabraz,False
Villagatón,Villagatón,False
Villamanín,Villamanín,False
Villamañán,Villamañán,False
Villamejil,Villamejil,False
Villamol,Villamol,False
Villarreal,Vila-real,False
Villaselán,Villaselán (León),False
Villaturiel,Villaturiel,False
Vincennes,Vincennes,False
Virtuala mashino,Virtuala maŝino,False
Vishnu,Viŝnuo,False
Vladikavkaz,Vladikavkazo,False
Vladivostok,Vladivostoko,False
Vlorë,Vlorë,False
Voeren,Voeren,False
Volebalo plajala,Plaĝa volejbalo,False
Volgograd,Volgogrado,False
Voliniana masakro,Volinia masakro,False
Volkswagen,Volkswagen,False
Volt,Volto,False
Vortica flui,Kirlokurento,False
Votiana linguo,Vota lingvo,False
Voulpaix,Voulpaix,False
Voyager 1,Voyager 1,False
Voyager 2,Voyager 2,False
Voyajera kolombo,Migrokolombo,False
Väinämöinen,Väinämöinen,False
Wageningen,Wageningen,False
Waldkappel,Waldkappel,False
Wals,Kimrio,False
Walsana linguo,Kimra lingvo,False
Warwick,Warwick,False
Washington,Washington,False
Wasilków,Wasilków,False
Wehrmacht,Wehrmacht,False
Wellington,Velingtono,False
Wels,Wels,False
Wessex,Wessex,False
WhatsApp,WhatsApp,False
Wieluń,Wieluń,False
Wien,Vieno,False
Wieruszów,Wieruszów,False
Wiesbaden,Wiesbaden,False
Willemstad,Vilemstado,False
Williams,Williams,False
Willibrord,Willibrord,False
Wilsdruff,Wilsdruff,False
Wimbledon,Wimbledon (turniro),False
Winchester,Winchester,False
Windhoek,Vindhuko,False
Winnipeg,Vinipego,False
Wisconsin,Viskonsino,False
Wolfsburg,Wolfsburg,False
Won,Ŭono,False
Wrocław,Vroclavo,False
Wuhan,Vuhano,False
Wuppertal,Wuppertal,False
Wurzen,Wurzen,False
Wyoming,Vajomingo,False
Würzburg,Würzburg,False
Xbox 360,Xbox 360,False
Xenofon,Ksenofono,False
Yangcekiang,Jangzio,False
Yangon,Jangono,False
Yaren,Jareno,False
Yaroslavl,Jaroslavl,False
Yekaterinburg,Jekaterinburgo,False
Yemanjelinsk,Jemanĵelinsk,False
Yemen,Jemeno,False
Yen,Japana eno,False
Yerevan,Erevano,False
Yggdrasil,Yggdrasil,False
YHWH,Biblia Tetragramo,False
Yidisha linguo,Jido (lingvo),False
Yonkers,Yonkers,False
York,Jorko,False
You.com,You.com,False
Ypres,Ipro,False
Yujnouralsk,Juĵnouralsk,False
Yukagira linguaro,Jukagira lingvaro,False
Yurala proceduro,Procedura juro,False
Yuryuzan,Jurjuzanj,False
Yüreğir,Yüreğir,False
Zaandam,Zaandam,False
Zabłudów,Zabłudów,False
Zagreb,Zagrebo,False
Zambrów,Zambrów,False
Zamość,Zamość,False
Zandvoort,Zandvoort,False
Zapopan,Zapopan,False
Zaporijjiana kozaki,Zaporogoj,False
Zarinsk,Zarinsk,False
Zeeland,Zelando,False
Zeitz,Zeitz,False
Zelów,Zelów,False
Zgierz,Zgierz,False
Zhengzhou,Ĝengĝoŭo,False
Zichyújfalu,Zichyújfalu,False
Zinnowitz,Zinnowitz,False
Zlatoust,Zlatousto,False
Zmeinogorsk,Zmeinogorsk,False
Zollverein,Germana Doganunio,False
Zwickau,Zwickau,False
ZX80,ZX80,False
ZX81,Sinclair ZX81,False
Zürich,Zuriko,False
Złoczew,Złoczew,False
Árpád,Arpado,False
Ålesund,Ålesund,False
Çatalhöyük,Çatal Höyük,False
Ísafjörður,Ísafjörður,False
Öskemen,Oskemeno,False
Łapy,Łapy,False
Łask,Łask,False
Łobez,Łobez,False
Łowicz,Łowicz,False
Łuków,Łuków,False
Łódź,Lodzo,False
Świdnik,Świdnik,False
Şalom,Şalom,False
Şımkent,Ŝimkento,False
Żychlin,Żychlin,False
